iter	Logloss
0	0.2358679166
1	0.1559587608
2	0.1022156397
3	0.08430311668
4	0.07236871537
5	0.06013257761
6	0.0555520545
7	0.04907961868
8	0.04418825265
9	0.03746938771
